Degree,XCoordinate,YCoordinate
0,222.7386361,0
0.18,222.737538,0.699398168
0.36,222.7342439,1.39878944
0.54,222.7287536,2.098166921
0.72,222.7210674,2.797523714
0.9,222.7111852,3.496852926
1.08,252.700736,4.761445231
1.26,252.6845393,5.554900765
1.44,252.6658513,6.34830153
1.62,252.6446721,7.141639704
1.8,252.6210019,7.934907463
1.98,240.5180464,8.310798544
2.16,236.0144893,8.89723707
2.34,231.630095,9.460395594
2.52,231.5992475,10.18766626
2.7,226.3033801,10.66677813
2.88,178.8550294,8.993244441
3.06,178.825909,9.554803976
3.24,176.2344217,9.971389678
3.42,175.3557113,10.47415162
3.6,175.321958,11.02471602
3.78,173.604649,11.46411101
3.96,173.5677959,12.0091722
4.14,171.8625627,12.43353845
4.32,171.4084069,12.9418463
4.5,171.3669245,13.48000401
4.68,170.4984366,13.95049992
4.86,170.4537916,14.48579536
5.04,162.4864894,14.32273575
5.22,162.4407151,14.83287188
5.4,162.3933391,15.34286176
5.58,159.2477759,15.55032305
5.76,158.4460479,15.97445571
5.94,157.6480153,16.39420481
6.12,156.4150939,16.76260892
6.3,156.3616883,17.25366887
6.48,156.3067411,17.74455871
6.66,153.6878602,17.93622814
6.84,152.9104035,18.33235288
7.02,152.1372064,18.72441594
7.2,152.0776619,19.20203368
7.38,150.2541631,19.45130176
7.56,149.8440722,19.87680475
7.74,148.744855,20.2064705
7.92,148.6806735,20.67342896
8.1,147.2545555,20.94665944
8.28,147.1880572,21.40893472
8.46,145.784001,21.67237219
8.64,145.385048,22.07988087
8.82,145.3150006,22.53628032
9,144.2629348,22.8372281
9.18,143.8668494,23.23782094
9.36,143.7931735,23.68944755
9.54,142.4401778,23.9261868
9.72,142.3643475,24.37333027
9.9,141.3461829,24.65609968
10.08,140.9577865,25.04467548
10.26,140.8784514,25.48715874
10.44,140.1827168,25.81613001
10.62,140.1009632,26.25617575
10.8,139.1086532,26.52261822
10.98,138.4272261,26.84343003
11.16,138.3422555,27.27795847
11.34,137.6659246,27.59395827
11.52,137.5786011,28.02609253
11.7,136.618841,28.27765249
11.88,136.242656,28.6462102
12.06,135.8672484,29.01305689
12.24,135.4926351,29.37820892
12.42,135.3997198,29.80351027
12.6,134.4687205,30.04158017
12.78,134.0985778,30.40128446
12.96,134.0024569,30.82220343
13.14,133.3609235,31.11587075
13.32,132.9934442,31.47078742
13.5,132.6268848,31.82414315
13.68,103.3346052,25.13880214
13.86,103.25516,25.46314834
14.04,102.5035356,25.61949499
14.22,102.09022,25.85704899
14.4,101.6784176,26.09277174
14.58,101.2681535,26.32668642
14.76,101.1849886,26.64453811
14.94,100.7755613,26.87538368
15.12,100.6906759,27.19168594
15.3,100.2821255,27.41949389
15.48,99.87519967,27.64557513
15.66,99.78790034,27.95904646
15.84,99.06632135,28.09265575
16.02,98.97762218,28.403585
16.2,98.88794713,28.7142342
16.38,98.79729709,29.02460029
16.56,98.70567294,29.3346802
16.74,97.99110108,29.45749665
16.92,97.59063571,29.67155466
17.1,97.19195774,29.88405402
17.28,97.09764282,30.18908894
17.46,96.7001159,30.39880894
17.64,82.92609567,26.35518905
17.82,82.84293171,26.61544663
18,81.56066601,26.48630641
18.18,81.47709706,26.74227591
18.36,80.19779864,26.60162451
18.54,80.11387432,26.85331405
18.72,79.18775252,26.81976603
18.9,78.75344623,26.94861853
19.08,78.66843947,27.19577109
19.26,77.33071162,27.00545081
19.44,76.54388255,27.00063043
19.62,76.04171323,27.09227163
19.8,75.54133715,27.18160619
19.98,75.45561464,27.4186716
20.16,74.54610228,27.35346355
20.34,74.45984505,27.58740308
20.52,74.37285367,27.82107061
20.7,73.87755549,27.90053993
20.88,73.78958373,28.13237753
21.06,71.12892859,27.37411523
21.24,71.04262336,27.59732475
21.42,70.95561767,27.82026217
21.6,70.8679124,28.04292529
21.78,69.96244871,27.93902474
21.96,69.46895718,27.99518985
22.14,69.38070996,28.21318401
22.32,68.88916217,28.26570364
22.5,68.8000684,28.48187591
22.68,68.71029628,28.69776736
22.86,67.82316893,28.57769099
23.04,67.73310078,28.79051451
23.22,67.24784794,28.83389695
23.4,67.15697814,29.0449127
23.58,67.06544619,29.25564208
23.76,66.19310207,29.12284163
23.94,66.10133018,29.33054406
24.12,65.62280605,29.36518334
24.3,65.53027602,29.57109385
24.48,65.43709989,29.77671279
24.66,64.96078629,29.80653582
24.84,64.86687368,30.01036541
25.02,64.77232151,30.21389912
25.2,63.92149114,30.06176371
25.38,63.82678224,30.26232866
25.56,63.35781213,30.28400526
25.74,62.89142734,30.30404319
25.92,62.79596276,30.50137255
26.1,62.33214725,30.51835653
26.28,62.23601249,30.71392871
26.46,61.77482044,30.72791716
26.64,61.6780304,30.92173829
26.82,61.21951581,30.93279086
27,61.12208521,31.12486733
27.18,61.02405197,31.31663692
27.36,60.5682452,31.32338328
27.54,60.46959135,31.51341284
27.72,60.01657822,31.51735509
27.9,59.91731802,31.70565146
28.08,59.81746706,31.89363523
28.26,59.36729917,31.89342339
28.44,59.26686132,32.07967918
28.62,58.8196015,32.07680074
28.8,58.71859054,32.26133586
28.98,58.2742912,32.25585711
29.16,58.1727207,32.43867907
29.34,52.087991,29.26046014
29.52,51.6181606,29.21013802
29.7,51.52618645,29.37207478
29.88,51.43370427,29.53372194
30.06,50.96718095,29.47902868
30.24,50.21459085,29.25454151
30.42,49.74758753,29.19208001
30.6,49.6556793,29.34814327
30.78,49.56328149,29.50391716
30.96,48.771555,29.24041876
31.14,48.6794998,29.39341705
31.32,48.58696464,29.54612552
31.5,48.17044484,29.5004222
31.68,48.0775762,29.65153172
31.86,47.614354,29.57262179
32.04,47.15429636,29.492468
32.22,46.7383222,29.43686869
32.4,46.64566017,29.58348166
32.58,46.55253824,29.72980296
32.76,46.45895731,29.87583112
32.94,46.36491832,30.02156473
33.12,45.95338485,29.96030298
33.3,45.85908311,30.10444867
33.48,45.76432922,30.24829755
33.66,45.35695272,30.18410464
33.84,45.26195119,30.32637644
34.02,45.16650339,30.46834923
34.2,45.07061027,30.61002162
34.38,44.97427277,30.7513922
34.56,44.57155422,30.68186035
34.74,44.47499361,30.82166354
34.92,44.37799449,30.96116285
35.1,44.28055783,31.10035689
35.28,44.18268457,31.23924429
35.46,44.08437569,31.37782369
35.64,43.98563216,31.51609372
35.82,43.88645495,31.65405301
36,43.48923559,31.57561909
36.18,43.38987392,31.7120194
36.36,43.29008444,31.84810705
36.54,43.18986814,31.98388069
36.72,43.089226,32.11933897
36.9,42.69694676,32.03598087
37.08,42.59614346,32.16989114
37.26,42.49492018,32.30348422
37.44,42.10714459,32.21782697
37.62,42.0057732,32.34988436
37.8,41.90398765,32.48162279
37.98,41.80178894,32.61304097
38.16,41.69917809,32.7441376
38.34,41.31652738,32.65391093
38.52,41.21379058,32.78348363
38.7,41.11064744,32.91273311
38.88,41.00709896,33.04165807
39.06,40.90314617,33.17025727
39.24,40.52572086,33.07565997
39.42,40.42166367,33.20274746
39.6,40.31720795,33.3295076
39.78,36.12495529,30.05529801
39.96,36.03040372,30.16858202
40.14,35.63865054,30.03142667
40.32,35.54417632,30.1431838
40.5,35.44935165,30.25464373
40.68,35.35417747,30.36580536
40.86,35.25865471,30.4766676
41.04,35.16278431,30.58722935
41.22,35.06656722,30.69748952
41.4,34.68169262,30.55345365
41.58,34.58558396,30.66220337
41.76,34.4891343,30.77065076
41.94,34.39234459,30.87879477
42.12,34.29521579,30.98663433
42.3,34.19774885,31.09416838
42.48,34.09994473,31.20139584
42.66,33.05761089,30.43891745
42.84,32.65300356,30.25637165
43.02,32.55783773,30.35875275
43.2,32.17440039,30.19063805
43.38,32.07944333,30.29151667
43.56,31.98416998,30.39209663
43.74,31.88858128,30.49237693
43.92,31.48908936,30.30022967
44.1,31.11030173,30.12444953
44.28,31.01555774,30.22198721
44.46,30.92050796,30.31922692
44.64,30.82515331,30.41616768
44.82,30.72949474,30.51280856
45,30.33532961,30.31118239
45.18,30.2400031,30.40628574
45.36,30.14437845,30.50108929
45.54,30.04845658,30.59559212
45.72,29.95223844,30.68979329
45.9,29.85572499,30.78369187
46.08,29.46892309,30.57639458
46.26,29.37276809,30.66877611
46.44,29.27632349,30.76085526
46.62,29.17959024,30.85263112
46.8,29.08256928,30.94410278
46.98,28.98526159,31.03526935
47.16,28.88766811,31.12612993
47.34,28.78978982,31.21668361
47.52,28.41183264,31.00163059
47.7,28.31434762,31.09069077
47.88,28.21658343,31.1794444
48.06,28.11854103,31.26789062
48.24,28.0202214,31.35602855
48.42,27.92162549,31.44385732
48.6,27.8227543,31.53137607
48.78,27.72360878,31.61858393
48.96,27.3547047,31.39618019
49.14,27.25598601,31.48191904
49.32,27.15699858,31.5673475
49.5,27.05774339,31.65246472
49.68,26.95822143,31.73726985
49.86,26.85843366,31.82176207
50.04,26.75838109,31.90594054
50.22,26.39800491,31.67773145
50.4,26.29840686,31.76046489
50.58,26.19854952,31.84288518
50.76,26.09843387,31.92499151
50.94,25.9980609,32.00678307
51.12,25.8974316,32.08825906
51.3,24.52360869,30.58200915
51.48,24.42746044,30.65886239
51.66,24.33107135,30.73541335
51.84,24.23444236,30.81166127
52.02,24.13757443,30.8876054
52.2,24.04046852,30.96324499
52.38,23.94312557,31.03857929
52.56,23.84554656,31.11360757
52.74,23.74773244,31.18832908
52.92,23.39955237,30.93209146
53.1,23.30231041,31.00541345
53.28,23.20483869,31.07842973
53.46,23.10713819,31.1511396
53.64,23.00920986,31.22354232
53.82,22.91105466,31.2956372
54,22.81267358,31.36742351
54.18,22.71406757,31.43890055
54.36,22.38100699,31.18371144
54.54,22.28297997,31.25383396
54.72,21.94502764,30.98519693
54.9,21.61656213,30.72551993
55.08,21.51997759,30.79324435
55.26,21.42318088,30.86066517
55.44,21.32617293,30.92778171
55.62,21.22895473,30.99459331
55.8,21.13152721,31.06109932
55.98,21.03389134,31.12729909
56.16,20.93604809,31.19319194
56.34,20.83799842,31.25877725
56.52,20.52060767,30.99308516
56.7,20.42318838,31.05736697
56.88,20.32556772,31.12134257
57.06,19.9995377,30.83318275
57.24,19.90262307,30.8958292
57.42,19.80551221,30.95817102
57.6,19.70820607,31.02020761
57.78,19.61070562,31.08193835
57.96,19.51301182,31.14336264
58.14,19.41512563,31.20447986
58.32,19.31704801,31.26528943
58.5,19.21877993,31.32579072
58.68,19.12032237,31.38598316
58.86,19.02167628,31.44586615
59.04,18.92284265,31.5054391
59.22,18.62064392,31.22400177
59.4,18.52250892,31.28231657
59.58,18.4241913,31.34032293
59.76,18.32569202,31.3980203
59.94,18.22701206,31.45540809
60.12,18.12815238,31.51248575
60.3,18.02911397,31.5692527
60.48,17.9298978,31.6257084
60.66,17.83050485,31.68185227
60.84,17.73093609,31.73768378
61.02,17.44118363,31.45057149
61.2,17.34234302,31.50518167
61.38,17.24333142,31.55948122
61.56,17.1441498,31.61346961
61.74,17.04479915,31.66714631
61.92,16.94528045,31.72051077
62.1,16.84559467,31.77356249
62.28,16.56566416,31.48405053
62.46,16.46672274,31.53591142
62.64,16.36761896,31.58746138
62.82,16.2683538,31.6386999
63,16.16892825,31.68962647
63.18,16.06934328,31.7402406
63.36,15.96959987,31.79054178
63.54,15.869699,31.84052952
63.72,15.76964167,31.89020333
63.9,15.66942885,31.93956271
64.08,15.56906155,31.98860718
64.26,15.46854073,32.03733625
64.44,15.3678674,32.08574946
64.62,15.26704256,32.1338463
64.8,15.16606718,32.18162633
64.98,14.5256149,31.07528244
65.16,14.42796706,31.1207396
65.34,14.16481146,30.80624584
65.52,14.2322456,31.21073296
65.7,13.96296633,30.8766725
65.88,13.70196489,30.55469672
66.06,13.60595576,30.59757019
66.24,13.50981247,30.64014198
66.42,13.41353598,30.68241167
66.6,13.31712724,30.72437884
66.78,13.2205872,30.76604309
66.96,13.12391681,30.807404
67.14,13.02711702,30.84846115
67.32,12.93018879,30.88921416
67.5,12.83313307,30.92966261
67.68,12.73595083,30.9698061
67.86,12.63864301,31.00964424
68.04,12.54121058,31.04917665
68.22,12.4436545,31.08840292
68.4,12.34597573,31.12732267
68.58,12.24817524,31.16593552
68.76,12.15025398,31.20424108
68.94,12.05221292,31.24223899
69.12,11.95405304,31.27992886
69.3,11.70860301,30.92855125
69.48,11.61142979,30.96516373
69.66,11.5141421,31.00147091
69.84,11.41674088,31.03747242
70.02,11.31922709,31.07316792
70.2,11.2216017,31.10855705
70.38,11.12386567,31.14363946
70.56,11.02601997,31.17841481
70.74,10.79232873,30.82518949
70.92,10.69548459,30.85892539
71.1,10.598535,30.89235702
71.28,10.50148091,30.92548408
71.46,10.40432328,30.95830622
71.64,10.30706307,30.99082312
71.82,10.20970123,31.02303447
72,10.11223873,31.05493994
72.18,10.01467653,31.08653922
72.36,9.917015584,31.117832
72.54,9.819256863,31.14881798
72.72,9.721401329,31.17949683
72.9,9.623449945,31.20986828
73.08,9.525403678,31.239932
73.26,9.427263494,31.26968771
73.44,9.329030362,31.29913512
73.62,9.230705249,31.32827393
73.8,9.132289125,31.35710385
73.98,9.03378296,31.38562461
74.16,8.935187726,31.41383592
74.34,8.836504395,31.4417375
74.52,8.737733939,31.46932907
74.7,8.531574794,31.10539447
74.88,8.433861957,31.13203022
75.06,8.440909569,31.55024108
75.24,8.238187784,31.18438063
75.42,8.140228377,31.21009477
75.6,8.042188711,31.23550118
75.78,7.944069752,31.26059963
75.96,7.845872468,31.28538986
76.14,7.747597827,31.30987163
76.32,7.649246797,31.33404469
76.5,7.550820349,31.35790882
76.68,7.452319454,31.38146377
76.86,7.353745081,31.40470931
77.04,7.16504191,31.03753922
77.22,7.067548875,31.05988441
77.4,6.88358517,30.69662721
77.58,6.787163984,30.7180903
77.76,6.69067588,30.73925053
77.94,6.594121808,30.76010768
78.12,6.497502721,30.78066154
78.3,6.321640072,30.4198981
78.48,6.226090585,30.43959805
78.66,6.13047971,30.45899788
78.84,6.034808392,30.4780974
79.02,5.939077573,30.49689641
79.2,5.605400329,29.2730733
79.38,5.513455396,29.29052992
79.56,5.421456103,29.30769774
79.74,5.401902066,29.72349442
79.92,5.308543816,29.74030984
80.1,5.215133227,29.75683202
80.28,5.121671218,29.77306082
80.46,5.028158712,29.78899607
80.64,4.93459663,29.8046376
80.82,4.840985895,29.81998528
81,4.74732743,29.83503895
81.18,4.653622159,29.84979845
81.36,4.559871004,29.86426365
81.54,4.406135881,29.47743713
81.72,4.313555159,29.49112706
81.9,4.220931907,29.50452621
82.08,4.184426052,29.91917855
82.26,4.090459357,29.93217013
82.44,3.996452332,29.9448666
82.62,3.902405904,29.95726781
82.8,3.808320999,29.96937366
82.98,3.714198546,29.98118403
83.16,3.620039473,29.99269879
83.34,3.525844708,30.00391784
83.52,3.431615179,30.01484106
83.7,3.382751813,30.4339228
83.88,3.287172776,30.44439459
84.06,3.191561329,30.45456621
84.24,3.095918415,30.46443756
84.42,3.000244976,30.47400854
84.6,2.944026463,30.89767049
84.78,2.846993424,30.9067624
84.96,2.749932314,30.91554958
85.14,2.652844092,30.92403194
85.32,2.555729713,30.93220941
85.5,2.458590136,30.9400819
85.68,2.361426318,30.94764933
85.86,2.264239217,30.95491163
86.04,2.167029792,30.96186873
86.22,2.069799001,30.96852056
86.4,1.972547803,30.97486705
86.58,1.875277156,30.98090814
86.76,1.777988019,30.98664377
86.94,1.680681353,30.99207388
87.12,1.583358115,30.99719843
87.3,1.486019267,31.00201735
87.48,1.388665766,31.00653061
87.66,1.291298574,31.01073816
87.84,1.193918651,31.01463996
88.02,1.096526955,31.01823596
88.2,0.999124449,31.02152613
88.38,0.901712091,31.02451045
88.56,0.804290843,31.02718888
88.74,0.706861665,31.02956139
88.92,0.609425518,31.03162796
89.1,0.511983362,31.03338857
89.28,0.414536158,31.03484321
89.46,0.317084867,31.03599186
89.64,0.21963045,31.0368345
89.82,0.125345574,31.84311996
90,0.025357723,31.84335656
90.18,-0.074630377,31.8432792
90.36,-0.174617741,31.84288788
90.54,-0.274603384,31.8421826
90.72,-0.374586319,31.84116338
90.9,-0.474565562,31.83983021
91.08,-0.574540125,31.83818311
91.26,-0.683211304,32.24696196
91.44,-0.774471271,31.8339472
91.62,-0.874425883,31.83135843
91.8,-0.974371873,31.82845581
91.98,-1.074308257,31.82523938
92.16,-1.174234048,31.82170917
92.34,-1.274148262,31.81786521
92.52,-1.374049913,31.81370753
92.7,-1.473938017,31.80923619
92.88,-1.573811588,31.80445121
93.06,-1.673669642,31.79935267
93.24,-1.773511195,31.79394059
93.42,-1.873335261,31.78821503
93.6,-1.973140857,31.78217606
93.78,-2.072926999,31.77582373
93.96,-2.172692702,31.7691581
94.14,-2.272436984,31.76217924
94.32,-2.37215886,31.75488722
94.5,-2.471857348,31.74728211
94.68,-2.571531464,31.73936398
94.86,-2.671180226,31.73113292
95.04,-2.806550583,32.1318628
95.22,-2.907430631,32.12289184
95.4,-3.008282013,32.11360417
95.58,-3.109103734,32.10399986
95.76,-3.2098948,32.09407903
95.94,-3.310654219,32.08384176
96.12,-3.411380995,32.07328815
96.3,-3.512074137,32.06241832
96.48,-3.612732652,32.05123237
96.66,-3.713355546,32.0397304
96.84,-3.813941828,32.02791253
97.02,-3.914490506,32.01577888
97.2,-4.015000589,32.00332957
97.38,-4.115471085,31.99056472
97.56,-4.215901005,31.97748445
97.74,-4.316289358,31.9640889
97.92,-4.416635154,31.9503782
98.1,-4.516937403,31.93635248
98.28,-4.617195118,31.92201188
98.46,-4.717407308,31.90735654
98.64,-4.817572988,31.89238661
98.82,-4.917691167,31.87710224
99,-5.017760861,31.86150356
99.18,-5.117781081,31.84559075
99.36,-5.349824899,32.63504313
99.54,-5.452272392,32.61808383
99.72,-5.622813767,33.00076714
99.9,-5.726408286,32.98294885
100.08,-5.829946346,32.96480536
100.26,-5.933426924,32.94633685
100.44,-6.036849001,32.9275435
100.62,-6.140211557,32.9084255
100.8,-6.320112643,33.29248428
100.98,-6.424619715,33.27247503
101.16,-6.529063443,33.25213773
101.34,-6.633442797,33.23147258
101.52,-6.737756748,33.21047978
101.7,-6.842004268,33.18915954
101.88,-6.946184328,33.16751207
102.06,-7.050295901,33.14553757
102.24,-7.154337962,33.12323628
102.42,-7.258309483,33.1006084
102.6,-7.362209441,33.07765417
102.78,-7.46603681,33.05437381
102.96,-7.569790567,33.03076754
103.14,-7.767558299,33.41155047
103.32,-7.964445628,33.77722515
103.5,-8.070466678,33.75205032
103.68,-8.176408156,33.72654271
103.86,-8.282269018,33.70070256
104.04,-8.38804822,33.67453014
104.22,-8.49374472,33.64802571
104.4,-8.599357475,33.62118951
104.58,-8.704885443,33.59402183
104.76,-8.810327585,33.56652292
104.94,-8.915682861,33.53869306
105.12,-9.020950231,33.51053253
105.3,-9.126128659,33.48204159
105.48,-9.231217107,33.45322053
105.66,-9.336214539,33.42406964
105.84,-9.441119919,33.3945892
106.02,-9.660180191,33.76409709
106.2,-9.766151659,33.73359772
106.38,-9.872026836,33.70276575
106.56,-9.97780468,33.67160149
106.74,-10.08348415,33.64010524
106.92,-10.30543618,33.99212632
107.1,-10.29454378,33.57611803
107.28,-10.39992187,33.54362769
107.46,-10.62518005,33.89354239
107.64,-10.8569903,34.25578922
107.82,-10.96449978,34.22152945
108,-11.07190115,34.18693227
108.18,-11.17919336,34.15199803
108.36,-11.28637535,34.11672705
108.54,-11.39344605,34.08111971
108.72,-11.50040443,34.04517633
108.9,-11.60724941,34.00889728
109.08,-11.71397995,33.97228292
109.26,-11.95862163,34.33158947
109.44,-12.06636369,34.29387021
109.62,-12.17398678,34.25581283
109.8,-12.28148984,34.2174177
109.98,-12.38887181,34.1786852
110.16,-12.49613164,34.13961571
110.34,-12.60326825,34.10020962
110.52,-12.7102806,34.06046732
110.7,-12.81716763,34.02038919
110.88,-12.92392829,33.97997563
111.06,-13.03056153,33.93922705
111.24,-13.13706629,33.89814384
111.42,-13.24344152,33.85672641
111.6,-13.50533876,34.20924571
111.78,-13.61268903,34.16667037
111.96,-13.71990509,34.12375816
112.14,-13.82698588,34.0805095
112.32,-13.93393034,34.03692483
112.5,-14.04073742,33.99300457
112.68,-14.14740606,33.94874914
112.86,-14.25393521,33.904159
113.04,-14.36032383,33.85923458
113.22,-14.6349264,34.2074884
113.4,-14.57267525,33.76838466
113.58,-14.67863596,33.72246007
113.76,-14.95650686,34.06811172
113.94,-14.89012217,33.62961386
114.12,-15.17015826,33.97351368
114.3,-15.27676013,33.92571198
114.48,-15.38321138,33.87757578
114.66,-15.48951096,33.82910557
114.84,-15.59565782,33.78030181
115.02,-15.70165091,33.731165
115.2,-15.80748919,33.68169561
115.38,-16.09793783,34.02239063
115.56,-16.2046886,33.97167547
115.74,-16.3112796,33.92062536
115.92,-16.41770977,33.8692408
116.1,-16.52397808,33.81752231
116.28,-16.63008347,33.76547039
116.46,-16.92982823,34.10348344
116.64,-17.03682953,34.05015574
116.82,-17.14366286,33.99649233
117,-17.95010433,35.31940573
117.18,-18.0609186,35.26286838
117.36,-18.17155478,35.20598335
117.54,-18.28201181,35.1487512
117.72,-18.39228858,35.0911725
117.9,-18.50238401,35.03324782
118.08,-18.79910305,35.32601107
118.26,-18.90993387,35.26680783
118.44,-19.02057824,35.20725688
118.62,-19.13103508,35.1473588
118.8,-19.24130329,35.08711417
118.98,-19.35138179,35.02652361
119.16,-19.4612695,34.9655877
119.34,-19.57096532,34.90430704
119.52,-19.68046818,34.84268224
119.7,-19.78977701,34.7807139
119.88,-19.89889071,34.71840264
120.06,-20.00780822,34.65574907
120.24,-20.31860501,34.94024838
120.42,-20.42821704,34.87627582
120.6,-20.53762766,34.81195939
120.78,-20.85432582,35.09649215
120.96,-20.96442582,35.03083665
121.14,-21.07431912,34.96483577
121.32,-21.18400463,34.89849015
121.5,-21.29348127,34.83180044
121.68,-21.40274797,34.76476731
121.86,-21.51180365,34.6973914
122.04,-21.62064723,34.6296734
122.22,-21.72927765,34.56161396
122.4,-21.83769381,34.49321376
122.58,-22.16644002,34.77042235
122.76,-22.49928061,35.04923735
122.94,-22.38435974,34.63053237
123.12,-22.49298908,34.56007488
123.3,-22.60139665,34.48927664
123.48,-22.93771281,34.76388928
123.66,-23.04675816,34.6916936
123.84,-23.15557629,34.61915588
124.02,-23.2641661,34.54627682
124.2,-24.2887506,35.82443199
124.38,-24.62801093,36.08038817
124.56,-24.74118175,36.00287848
124.74,-24.85410864,35.92501381
124.92,-24.96679047,35.84679493
125.1,-24.84817768,35.43869918
125.28,-25.19141454,35.68929765
125.46,-25.30335456,35.6100208
125.64,-25.4150451,35.53039285
125.82,-25.52648506,35.45041458
126,-25.63767334,35.37008678
126.18,-25.74860884,35.28941025
126.36,-25.85929047,35.20838579
126.54,-25.96971714,35.12701418
126.72,-26.3224755,35.37127766
126.9,-26.18980124,34.96323275
127.08,-26.2994565,34.88082455
127.26,-27.40490653,36.11053998
127.44,-27.77363007,36.35875143
127.62,-27.88765945,36.27136314
127.8,-28.26105134,36.51912253
127.98,-28.37558187,36.43020295
128.16,-28.48983264,36.34092417
128.34,-28.86862727,36.58691514
128.52,-29.22477994,36.80007569
128.7,-29.60691236,37.0418332
128.88,-29.96661452,37.25142522
129.06,-30.35205326,37.48892543
129.24,-30.74123768,37.72677616
129.42,-30.85954801,37.63006285
129.6,-31.25318563,37.86693881
129.78,-31.37193355,37.76861729
129.96,-31.49037216,37.66992339
130.14,-31.88916082,37.90446002
130.32,-32.00802342,37.80414135
130.5,-32.12657043,37.70344996
130.68,-32.24480069,37.60238682
130.86,-32.6101698,37.78769851
131.04,-33.01424093,38.01394344
131.22,-33.13344176,37.91009149
131.4,-33.5027872,38.09063642
131.58,-33.62222644,37.98525006
131.76,-33.74133418,37.87948919
131.94,-34.15053435,38.09734466
132.12,-34.26999147,37.98992434
132.3,-34.68344071,38.20635559
132.48,-34.80323749,38.09726141
132.66,-34.92269112,37.98779161
132.84,-35.04180043,37.87794727
133.02,-35.16056424,37.76772947
133.2,-35.27898138,37.65713929
133.38,-35.39705068,37.54617783
133.56,-35.51477099,37.43484618
133.74,-35.93640065,37.64184429
133.92,-36.05441869,37.52881861
134.1,-36.17208125,37.41542291
134.28,-36.28938716,37.30165831
134.46,-36.40633528,37.18752593
134.64,-36.52292444,37.0730269
134.82,-36.32894404,36.64525196
135,-36.44383085,36.53099861
135.18,-36.24811742,36.10734898
135.36,-36.36131562,35.99335207
135.54,-36.4741553,35.87900029
135.72,-36.58663537,35.76429475
135.9,-36.6987547,35.6492366
136.08,-36.81051221,35.53382695
136.26,-37.23791452,35.72120363
136.44,-37.66882261,35.90812076
136.62,-37.78138823,35.78966383
136.8,-38.21634262,35.97468309
136.98,-38.32911454,35.85450662
137.16,-39.09646801,36.34280565
137.34,-39.874482,36.83330493
137.52,-40.32555283,37.01598469
137.7,-40.44158403,36.88918018
137.88,-40.5572165,36.76201196
138.06,-42.04296329,37.86893059
138.24,-42.50920143,38.04779179
138.42,-42.97847819,38.22543323
138.6,-43.09829398,38.09029259
138.78,-43.57112537,38.26517609
138.96,-43.69106302,38.12817434
139.14,-43.81056991,37.99079666
139.32,-44.28744581,38.16135231
139.5,-44.40705393,38.02210183
139.68,-44.52622422,37.88247647
139.86,-45.00707355,38.04860922
140.04,-45.49079985,38.21326727
140.22,-45.61056506,38.07023801
140.4,-45.72988056,37.92683339
140.58,-49.06150355,40.43062621
140.76,-49.18821364,40.27637403
140.94,-49.31443876,40.12172474
141.12,-49.44017766,39.96667986
141.3,-50.72907632,40.74588915
141.48,-50.85676812,40.58639924
141.66,-50.98395849,40.42650917
141.84,-51.11064618,40.26622051
142.02,-51.23682994,40.10553484
142.2,-51.36250852,39.94445375
142.38,-51.48768069,39.78297882
142.56,-53.77170069,41.27877831
142.74,-53.90105076,41.10973195
142.92,-54.02986938,40.94028026
143.1,-54.47738634,41.01074303
143.28,-54.6058913,40.83948215
143.46,-55.05662425,40.90763734
143.64,-55.1848026,40.73455816
143.82,-55.63870912,40.80033555
144,-56.09554522,40.86510092
144.18,-56.22358489,40.68875974
144.36,-57.01787823,40.99140026
144.54,-57.14630993,40.81216234
144.72,-57.27417819,40.63252202
144.9,-57.73998814,40.69103631
145.08,-58.20859286,40.74832982
145.26,-58.67996067,40.80435699
145.44,-58.80779686,40.61990105
145.62,-58.93505323,40.43504463
145.8,-59.06172852,40.24978953
145.98,-59.88661215,40.53714781
146.16,-60.36639763,40.58609825
146.34,-60.84881204,40.63359127
146.52,-60.97610134,40.442326
146.7,-61.46125563,40.4867969
146.88,-61.94897202,40.52971995
147.06,-62.43921966,40.57105514
147.24,-62.93196789,40.61076316
147.42,-63.05917523,40.41295691
147.6,-63.92484437,40.68514395
147.78,-64.42491224,40.71974153
147.96,-64.92735988,40.75256154
148.14,-65.43215758,40.78356803
148.32,-65.55989521,40.57791034
148.5,-66.44868506,40.83999985
148.68,-66.96035627,40.86535642
148.86,-67.47426037,40.88876195
149.04,-67.99036853,40.91018358
149.22,-68.11849112,40.69649249
149.4,-68.24594209,40.48240015
149.58,-90.36271658,53.21885117
149.76,-90.83754188,53.11504166
149.94,-91.31428968,53.00975225
150.12,-91.48028987,52.72276453
150.3,-91.6453881,52.43525698
150.48,-92.75588009,52.68472304
150.66,-93.24012948,52.57323388
150.84,-93.72620674,52.46012617
151.02,-93.89046921,52.16556774
151.2,-94.37799241,52.0492832
151.38,-94.86729977,51.931321
151.56,-100.4667527,54.58722311
151.74,-100.951504,54.44073694
151.92,-101.5221611,54.33768626
152.1,-102.6426905,54.52349423
152.28,-103.4557882,54.53958702
152.46,-104.7430767,54.79861199
152.64,-105.5633023,54.8062272
152.82,-105.7348732,54.47448879
153,-106.3026564,54.34530261
153.18,-108.1220447,54.84788166
153.36,-108.9645624,54.8457607
153.54,-109.8137336,54.84168649
153.72,-110.6694596,54.83554844
153.9,-110.8410974,54.48777658
154.08,-111.70325,54.47675892
154.26,-112.5717554,54.46344239
154.44,-113.4465167,54.4477228
154.62,-113.616923,54.09123291
154.8,-113.7862091,53.73420969
154.98,-113.9543733,53.37665669
155.16,-115.9150893,53.85188392
155.34,-116.4466278,53.65491159
155.52,-116.6027061,53.28360219
155.7,-117.14657,53.08811352
155.88,-117.3126889,52.72001219
156.06,-117.4776512,52.35139105
156.24,-117.6319723,51.97806357
156.42,-118.1655623,51.77096897
156.6,-118.7002078,51.56155554
156.78,-118.8615256,51.18858331
156.96,-119.0216715,50.81510638
157.14,-119.180644,50.44112844
157.32,-119.3384413,50.06665317
157.5,-119.495062,49.69168426
157.68,-119.6505046,49.31622541
157.86,-119.8047674,48.94028033
158.04,-119.957849,48.56385271
158.22,-119.7302571,48.03469798
158.4,-119.8804955,47.65850878
158.58,-120.029552,47.2818497
158.76,-120.1774251,46.90472444
158.94,-120.3241132,46.52713671
159.12,-120.469615,46.14909025
159.3,-120.2328452,45.62597505
159.48,-120.3755178,45.24821961
159.66,-120.5170036,44.87001804
159.84,-120.6573011,44.49137407
160.02,-120.7964089,44.11229143
160.2,-120.9343258,43.73277387
160.38,-121.0710503,43.35282511
160.56,-121.2065811,42.97244892
160.74,-121.3409168,42.59164904
160.92,-121.4740562,42.21042921
161.1,-121.6059979,41.82879322
161.28,-121.7367406,41.4467448
161.46,-121.866283,41.06428774
161.64,-121.6091933,40.55289666
161.82,-121.7359297,40.1708445
162,-121.8614658,39.78839628
162.18,-121.9858004,39.40555575
162.36,-122.1089323,39.02232671
162.54,-122.2308602,38.63871292
162.72,-122.351583,38.25471817
162.9,-122.4710995,37.87034624
163.08,-122.5894084,37.48560093
163.26,-122.7065087,37.10048602
163.44,-122.8223991,36.71500532
163.62,-122.9370785,36.32916262
163.8,-123.0505459,35.94296173
163.98,-123.1628,35.55640646
164.16,-123.2738397,35.16950062
164.34,-123.3836641,34.78224802
164.52,-123.0971157,34.2845949
164.7,-123.2041623,33.89790158
164.88,-123.3099941,33.51087404
165.06,-123.4146102,33.12351609
165.24,-123.5180095,32.73583156
165.42,-123.6201909,32.34782426
165.6,-123.7211535,31.95949803
165.78,-123.8208962,31.5708567
165.96,-123.9194181,31.18190408
166.14,-124.0167183,30.79264403
166.32,-124.1127956,30.40308037
166.5,-124.2076493,30.01321695
166.68,-124.3012783,29.62305762
166.86,-124.3936818,29.23260621
167.04,-124.4848588,28.84186658
167.22,-124.5748084,28.45084258
167.4,-124.6635298,28.05953807
167.58,-124.751022,27.6679569
167.76,-124.8372843,27.27610294
167.94,-124.9223157,26.88398004
168.12,-125.0061154,26.49159208
168.3,-124.6884019,26.01542695
168.48,-124.7694755,25.62377776
168.66,-124.8493189,25.23187593
168.84,-124.9279314,24.83972533
169.02,-125.0053121,24.44732981
169.2,-125.0814604,24.05469326
169.38,-125.1563754,23.66181953
169.56,-124.8293233,23.19425321
169.74,-124.9015377,22.80217543
169.92,-124.9725207,22.40987284
170.1,-125.0422715,22.01734929
170.28,-125.1107894,21.62460866
170.46,-125.1780738,21.23165483
170.64,-125.244124,20.83849165
170.82,-125.3089393,20.44512302
171,-125.3725192,20.05155281
171.18,-125.4348629,19.65778489
171.36,-125.4959699,19.26382316
171.54,-125.5558395,18.8696715
171.72,-125.6144712,18.47533379
171.9,-125.2671272,18.02258308
172.08,-125.3231005,17.6291561
172.26,-125.3778382,17.2355553
172.44,-125.4313396,16.84178457
172.62,-125.4836044,16.44784778
172.8,-125.5346319,16.05374883
172.98,-125.5844218,15.65949159
173.16,-125.6329734,15.26507996
173.34,-125.6802863,14.87051782
173.52,-125.7263601,14.47580906
173.7,-125.7711942,14.08095757
173.88,-125.8147883,13.68596725
174.06,-125.857142,13.290842
174.24,-125.8982547,12.8955857
174.42,-125.9381261,12.50020226
174.6,-125.9767558,12.10469557
174.78,-126.0141435,11.70906953
174.96,-126.0502887,11.31332805
175.14,-126.0851911,10.91747502
175.32,-126.1188503,10.52151435
175.5,-126.1512661,10.12544994
175.68,-126.182438,9.729285701
175.86,-126.2123659,9.333025533
176.04,-126.2410493,8.936673346
176.22,-126.6764606,8.567826476
176.4,-126.7027391,8.170020806
176.58,-126.7277683,7.772134582
176.76,-126.751548,7.374171729
176.94,-126.774078,6.976136169
177.12,-126.7953581,6.578031827
177.3,-126.815388,6.179862628
177.48,-126.8341676,5.781632499
177.66,-126.8516966,5.383345365
177.84,-126.8679749,4.985005154
178.02,-126.8830024,4.586615792
178.2,-126.8967788,4.188181208
178.38,-126.9093041,3.789705331
178.56,-127.3306407,3.402148553
178.74,-127.3406957,3.002314226
178.92,-127.3494952,2.602450298
179.1,-127.357039,2.202560711
179.28,-127.3633272,1.802649407
179.46,-127.7798353,1.407251952
179.64,-127.7836241,1.006016991
179.82,-127.7861531,0.604772111
180,-128.1924009,0.20416626
180.18,-128.19241,-0.198358224
180.36,-128.1911552,-0.600880752
180.54,-128.1886365,-1.003397356
180.72,-128.1848539,-1.405904066
180.9,-128.1798074,-1.808396915
181.08,-128.1734972,-2.210871934
181.26,-128.5773177,-2.621713559
181.44,-128.5684516,-3.025432748
181.62,-128.558318,-3.429122108
181.8,-128.5469168,-3.832777659
181.98,-128.5342482,-4.236395419
182.16,-128.5203123,-4.639971411
182.34,-128.5051092,-5.043501654
182.52,-128.4886391,-5.44698217
182.7,-128.4709022,-5.850408982
182.88,-128.4518986,-6.25377811
183.06,-128.8438265,-6.67845132
183.24,-128.822221,-7.082987347
183.42,-128.7993454,-7.487453539
183.6,-128.7751999,-7.891845907
183.78,-128.7497847,-8.296160465
183.96,-128.7231001,-8.700393226
184.14,-128.6951463,-9.104540205
184.32,-128.6659236,-9.508597417
184.5,-129.048219,-9.944369942
184.68,-129.0163576,-10.34953166
184.86,-128.9832241,-10.75459134
185.04,-128.9488189,-11.15954498
185.22,-128.9131423,-11.56438859
185.4,-128.8761946,-11.96911818
185.58,-128.8379763,-12.37372976
185.76,-129.2117166,-12.81921616
185.94,-129.1708273,-13.22487709
186.12,-129.1286645,-13.63040762
186.3,-129.0852285,-14.03580377
186.48,-129.0405198,-14.44106153
186.66,-129.4083001,-14.89379732
186.84,-129.3608957,-15.30006529
187.02,-129.3122158,-15.70618241
187.2,-129.262261,-16.11214467
187.38,-129.2110317,-16.51794808
187.56,-129.1585285,-16.92358862
187.74,-129.5187551,-17.38463182
187.92,-129.4635289,-17.79123434
188.1,-129.4070263,-18.19766144
188.28,-129.3492478,-18.60390913
188.46,-129.2901939,-19.00997338
188.64,-129.2298653,-19.41585021
188.82,-129.1682626,-19.8215356
189,-129.1053863,-20.22702557
189.18,-129.0412371,-20.6323161
189.36,-128.9758156,-21.0374032
189.54,-131.2876189,-21.83791349
189.72,-131.2184007,-22.25004828
189.9,-131.1478888,-22.6619637
190.08,-131.0760838,-23.07365567
190.26,-131.0029865,-23.48512015
190.44,-130.9285975,-23.89635307
190.62,-130.8529176,-24.30735039
190.8,-130.7759476,-24.71810805
190.98,-130.6976882,-25.12862199
191.16,-130.6181401,-25.53888818
191.34,-130.5373042,-25.94890256
191.52,-130.4551813,-26.3586611
191.7,-130.3717721,-26.76815976
191.88,-131.0839179,-27.3436124
192.06,-130.9974129,-27.75508042
192.24,-130.9096163,-28.1662748
192.42,-130.820529,-28.57719146
192.6,-130.7301518,-28.98782637
192.78,-131.0373791,-29.48794026
192.96,-130.9441411,-29.89925159
193.14,-130.8496121,-30.31026812
193.32,-130.7537929,-30.7209858
193.5,-131.0556188,-31.22645414
193.68,-130.9569219,-31.63781416
193.86,-130.8569337,-32.04886225
194.04,-133.9441288,-33.25112077
194.22,-134.2284866,-33.76951354
194.4,-134.1217888,-34.19082382
194.58,-134.0137686,-34.61179699
194.76,-134.3057277,-35.13741825
194.94,-134.1947343,-35.55896432
195.12,-134.4702965,-36.08424454
195.3,-134.3563292,-36.50630269
195.48,-134.2410373,-36.92800091
195.66,-134.1244217,-37.34933502
195.84,-134.4056987,-37.88282132
196.02,-134.6723187,-38.41483987
196.2,-134.5510323,-38.83752087
196.38,-134.4284194,-39.25981896
196.56,-134.3044811,-39.68172996
196.74,-134.1792186,-40.10324972
196.92,-134.4382627,-40.64095064
197.1,-134.3099875,-41.06288574
197.28,-134.5664381,-41.60377066
197.46,-134.4351391,-42.02610348
197.64,-134.3025146,-42.44802194
197.82,-134.168566,-42.86952189
198,-134.4189605,-43.41516309
198.18,-134.2819745,-43.8370239
198.36,-134.1436645,-44.2584525
198.54,-134.3896397,-44.80801358
198.72,-134.2482802,-45.22977546
198.9,-134.1055972,-45.65109139
199.08,-133.9615918,-46.07195722
199.26,-133.8162657,-46.4923688
199.44,-133.6696203,-46.91232199
199.62,-136.6259518,-48.43224768
199.8,-136.8504671,-48.99608482
199.98,-137.0868025,-49.56687654
200.16,-136.9304869,-49.99708404
200.34,-137.538762,-50.70919339
200.52,-137.3788573,-51.1408144
200.7,-137.2175982,-51.57193119
200.88,-137.4297194,-52.14472391
201.06,-137.6533578,-52.7246282
201.24,-137.4871241,-53.15659911
201.42,-138.0800228,-53.88482132
201.6,-137.910144,-54.31812624
201.78,-138.1260258,-54.90477503
201.96,-137.9529442,-55.33821937
202.14,-137.7785024,-55.77111809
202.32,-138.3583969,-56.51212851
202.5,-138.180267,-56.94629457
202.68,-138.3699443,-57.53339765
202.86,-138.5726775,-58.12870525
203.04,-138.7740098,-58.72626514
203.22,-138.9556589,-59.31827881
203.4,-138.7687148,-59.75430643
203.58,-138.9633462,-60.35606918
203.76,-139.1565217,-60.96006174
203.94,-138.9644214,-61.39671198
204.12,-139.8798228,-62.32684154
204.3,-139.6834272,-62.7657562
204.48,-139.4856545,-63.20405202
204.66,-139.6671025,-63.81562368
204.84,-140.2073508,-64.595398
205.02,-140.0038304,-65.03532991
205.2,-140.1592455,-65.64337403
205.38,-140.3307207,-66.26176992
205.56,-140.1219673,-66.702081
205.74,-140.2899065,-67.32316693
205.92,-140.0778205,-67.76334462
206.1,-139.8643534,-68.20285419
206.28,-139.6495073,-68.64169131
206.46,-139.4332843,-69.07985166
206.64,-139.9687465,-69.89337127
206.82,-140.1258636,-70.52240089
207,-139.9037328,-70.96204771
207.18,-139.6802226,-71.40099488
207.36,-139.8316776,-72.03310765
207.54,-139.6048047,-72.47182329
207.72,-139.7525386,-73.10650648
207.9,-139.5222956,-73.54496833
208.08,-139.290677,-73.98270506
208.26,-139.057685,-74.41971235
208.44,-138.8233219,-74.85598589
208.62,-138.5875901,-75.29152138
208.8,-138.3504919,-75.72631452
208.98,-138.1120297,-76.16036104
209.16,-137.8722057,-76.59365664
209.34,-137.6310223,-77.02619707
209.52,-137.3884819,-77.45797804
209.7,-137.144587,-77.88899532
209.88,-136.8993399,-78.31924463
210.06,-136.2850992,-78.53686012
210.24,-136.037822,-78.96440746
210.42,-135.4237411,-79.17750319
210.6,-135.1744565,-79.60234271
210.78,-134.9238392,-80.02639738
210.96,-134.3093038,-80.23306203
211.14,-133.6956554,-80.43717054
211.32,-133.442424,-80.85657767
211.5,-133.1878769,-81.27518759
211.68,-132.9320166,-81.69299616
211.86,-132.6748457,-82.10999928
212.04,-132.4163667,-82.52619282
212.22,-132.1565821,-82.94157269
212.4,-131.8954945,-83.35613479
212.58,-131.6331064,-83.76987504
212.76,-131.3694205,-84.18278934
212.94,-131.1044394,-84.59487364
213.12,-130.8381656,-85.00612387
213.3,-130.5706018,-85.41653597
213.48,-130.3017506,-85.8261059
213.66,-130.0316147,-86.23482962
213.84,-129.7601968,-86.6427031
214.02,-129.4874994,-87.04972232
214.2,-129.2135254,-87.45588326
214.38,-128.9382774,-87.86118192
214.56,-128.6617581,-88.26561431
214.74,-128.3839702,-88.66917644
214.92,-128.1049166,-89.07186432
215.1,-127.8245999,-89.47367399
215.28,-131.4847504,-92.65218339
215.46,-131.1931748,-93.06458807
215.64,-130.9003057,-93.47607517
215.82,-130.606146,-93.88664064
216,-130.3106986,-94.29628042
216.18,-130.0139663,-94.70499048
216.36,-129.7159522,-95.11276679
216.54,-129.4166592,-95.51960532
216.72,-129.1160901,-95.92550207
216.9,-128.814248,-96.33045304
217.08,-128.5111358,-96.73445422
217.26,-128.2067566,-97.13750164
217.44,-127.9011133,-97.53959133
217.62,-127.594209,-97.94071931
217.8,-127.2860466,-98.34088164
217.98,-124.4251379,-96.75597344
218.16,-123.1803734,-96.41021176
218.34,-122.8770386,-96.79652222
218.52,-120.725118,-95.71718344
218.7,-119.2138033,-95.13009919
218.88,-90.71204295,-72.85367937
219.06,-88.57435366,-71.59551108
219.24,-88.34910747,-71.87328114
219.42,-84.00372743,-68.7777128
219.6,-81.58317212,-67.22489142
219.78,-81.37168412,-67.48073075
219.96,-76.51010679,-63.85559406
220.14,-75.7746153,-63.64647943
220.32,-72.09879542,-60.94612674
220.5,-70.54959557,-60.01739663
220.68,-69.35719063,-59.3794025
220.86,-68.5089701,-59.02700807
221.04,-68.32328787,-59.2418349
221.22,-66.8358149,-58.32072684
221.4,-66.65235864,-58.53030345
221.58,-66.4682452,-58.73930297
221.76,-65.64579491,-58.38061559
221.94,-65.46215646,-58.58645525
222.12,-65.27787258,-58.79171726
222.3,-65.09294508,-58.99639961
222.48,-64.9073758,-59.20050028
222.66,-63.78777128,-58.54730482
222.84,-63.60361859,-58.74730947
223.02,-63.41883878,-58.94673489
223.2,-63.2334337,-59.14557912
223.38,-63.04740516,-59.3438402
223.56,-62.86075499,-59.54151617
223.74,-62.67348505,-59.73860509
223.92,-62.77250007,-60.21029731
224.1,-62.58313059,-60.40710581
224.28,-62.6797521,-60.88170505
224.46,-62.48827486,-61.07821901
224.64,-62.29618152,-61.27413077
224.82,-62.10347395,-61.46943839
225,-61.91015408,-61.66413995
225.18,-61.71622379,-61.85823352
225.36,-61.81508408,-62.34764401
225.54,-61.61900806,-62.54143569
225.72,-61.42232451,-62.73461074
225.9,-61.22503536,-62.92716726
226.08,-60.7507399,-62.83322583
226.26,-60.55314441,-63.02367308
226.44,-60.35495188,-63.21349895
226.62,-60.15616429,-63.40270156
226.8,-59.95678357,-63.59127904
226.98,-59.48630812,-63.49051751
227.16,-59.57444015,-63.98608766
227.34,-59.37323047,-64.17283566
227.52,-58.88559701,-64.0480533
227.7,-58.68419616,-64.23263803
227.88,-58.21765125,-64.12517771
228.06,-58.01601152,-64.30766471
228.24,-57.81379978,-64.48951767
228.42,-57.61101801,-64.67073478
228.6,-57.12765098,-64.53498916
228.78,-56.66486541,-64.41862847
228.96,-56.46231191,-64.59623829
229.14,-55.9820894,-64.454162
229.32,-55.77942769,-64.62962773
229.5,-55.57621601,-64.80445623
229.68,-55.09954329,-64.65838689
229.86,-54.89624466,-64.83108042
230.04,-54.42269861,-64.68258299
230.22,-54.21932734,-64.85315111
230.4,-54.01542149,-65.02307981
230.58,-53.81098307,-65.1923674
230.76,-53.3415452,-65.03854925
230.94,-53.13706153,-65.2057208
231.12,-52.93205395,-65.37224945
231.3,-52.72652448,-65.53813355
231.48,-52.52047515,-65.70337148
231.66,-52.31390799,-65.86796159
231.84,-52.35540025,-66.34690697
232.02,-52.1468132,-66.51097558
232.2,-51.93771201,-66.67438842
232.38,-51.72809873,-66.83714388
232.56,-51.51797543,-66.99924035
232.74,-51.06374498,-66.84180789
232.92,-50.85361031,-67.00181827
233.1,-50.64297425,-67.16116804
233.28,-50.43183887,-67.31985563
233.46,-49.98186007,-67.15762799
233.64,-49.77073906,-67.3142397
233.82,-49.55912734,-67.47018772
234,-49.11293886,-67.3046747
234.18,-48.90136041,-67.45855728
234.36,-48.45846857,-67.29123388
234.54,-48.24693555,-67.44306149
234.72,-48.03492684,-67.59422414
234.9,-47.59588194,-67.42377441
235.08,-47.383937,-67.57289285
235.26,-46.94822783,-67.4007708
235.44,-46.73635831,-67.54785572
235.62,-46.52402799,-67.69427464
235.8,-46.31123896,-67.84002613
235.98,-45.87998072,-67.66358476
236.16,-45.66729124,-67.80731409
236.34,-45.45415149,-67.95037488
236.52,-45.24056358,-68.0927657
236.7,-45.02652962,-68.23448515
236.88,-44.81205172,-68.37553184
237.06,-43.21442802,-66.39161501
237.24,-43.00574565,-66.5269808
237.42,-42.79663927,-66.66169065
237.6,-42.58711093,-66.79574325
237.78,-42.37716269,-66.92913727
237.96,-42.16679663,-67.06187139
238.14,-41.73591838,-66.84145258
238.32,-41.52583082,-66.97217364
238.5,-41.31533382,-67.10223437
238.68,-41.10442948,-67.23163351
238.86,-40.89311986,-67.36036977
239.04,-40.68140705,-67.48844188
239.22,-40.46929314,-67.61584858
239.4,-40.25678022,-67.74258862
239.58,-40.04387038,-67.86866075
239.76,-39.6215531,-67.6372619
239.94,-39.40897712,-67.76133993
240.12,-39.19601258,-67.88474987
240.3,-38.98266159,-68.00749048
240.48,-38.76892624,-68.12956058
240.66,-38.55480865,-68.25095894
240.84,-38.34031093,-68.37168438
241.02,-38.12543518,-68.4917357
241.2,-37.91018353,-68.61111172
241.38,-37.69455811,-68.72981126
241.56,-37.47856103,-68.84783315
241.74,-37.26219442,-68.96517624
241.92,-37.04546043,-69.08183935
242.1,-36.82836119,-69.19782135
242.28,-36.99811747,-70.04621787
242.46,-36.77799031,-70.16204645
242.64,-36.75020793,-70.64763891
242.82,-36.52819353,-70.7626861
243,-36.30581899,-70.87703559
243.18,-36.08308648,-70.99068627
243.36,-35.85999821,-71.103637
243.54,-37.16234817,-74.26502011
243.72,-36.92897318,-74.38134358
243.9,-37.66243421,-76.46049775
244.08,-37.8116318,-77.37536538
244.26,-37.56848715,-77.49371226
244.44,-38.69146642,-80.45270097
244.62,-38.43865462,-80.57379535
244.8,-39.16705271,-82.76840369
244.98,-38.90696726,-82.89098
245.16,-39.23430849,-84.27535645
245.34,-38.96949089,-84.39813651
245.52,-38.70428906,-84.52008445
245.7,-38.63171195,-85.0661948
245.88,-38.36441409,-85.18707882
246.06,-38.09673798,-85.30712293
246.24,-37.82868624,-85.42632594
246.42,-37.56026153,-85.54468669
246.6,-37.29146649,-85.662204
246.78,-37.02230377,-85.77887671
246.96,-36.75277603,-85.89470368
247.14,-36.48288592,-86.00968377
247.32,-36.2126361,-86.12381583
247.5,-35.94202925,-86.23709875
247.68,-40.68274307,-98.48137429
247.86,-40.21832929,-98.23010056
248.04,-40.06348188,-98.73491827
248.22,-39.60182685,-98.48364658
248.4,-39.29239348,-98.60751061
248.58,-38.9825727,-98.73040241
248.76,-38.67236757,-98.85232076
248.94,-38.36178114,-98.97326447
249.12,-37.9058884,-98.71580568
249.3,-37.59573441,-98.83434333
249.48,-37.28520974,-98.95190651
249.66,-36.97431746,-99.06849406
249.84,-36.80650315,-99.57215805
250.02,-36.63211091,-100.0654209
250.2,-36.31772541,-100.1799522
250.38,-36.00298184,-100.2934958
250.56,-35.6878833,-100.4060505
250.74,-35.23562126,-100.1288386
250.92,-35.05457543,-100.6222809
251.1,-34.60509767,-100.3451737
251.28,-34.28984375,-100.4533388
251.46,-34.10517226,-100.9480257
251.64,-33.65932055,-100.669675
251.82,-33.47251558,-101.1661539
252,-33.15468936,-101.2707587
252.18,-32.96401056,-101.7679092
252.36,-32.64429735,-101.8709143
252.54,-32.32426227,-101.972915
252.72,-32.00390849,-102.0739104
252.9,-31.68323917,-102.1738993
253.08,-31.36225746,-102.2728808
253.26,-31.28235187,-103.1669252
253.44,-31.07833446,-103.6651844
253.62,-30.87190974,-104.1645742
253.8,-30.54468132,-104.2609983
253.98,-30.33426055,-104.7608354
254.16,-30.11385367,-105.2353988
254.34,-29.89780772,-105.7345155
254.52,-29.67198486,-106.2084741
254.7,-29.33834453,-106.3011204
254.88,-29.11511087,-106.7987687
255.06,-28.77961976,-106.8896635
255.24,-28.54541175,-107.3615052
255.42,-28.30892668,-107.8344627
255.6,-27.97018746,-107.9228209
255.77,-27.75399986,-108.4114792
255.95,-27.41345156,-108.4980922
256.13,-27.07263296,-108.5836354
256.31,-26.73154745,-108.668108
256.49,-26.39019837,-108.7515092
256.67,-26.04858909,-108.8338382
256.85,-25.70672299,-108.9150941
257.03,-25.36460342,-108.9952762
257.21,-25.02223378,-109.0743836
257.39,-24.67961742,-109.1524155
257.57,-24.33675773,-109.2293713
257.75,-23.9936581,-109.3052501
257.93,-23.65032189,-109.3800512
258.11,-23.3067525,-109.4537739
258.29,-22.96295332,-109.5264174
258.47,-22.61892773,-109.597981
258.65,-22.27467913,-109.668464
258.83,-21.93021091,-109.7378658
259.01,-21.58552647,-109.8061855
259.19,-21.2406292,-109.8734226
259.37,-20.89552251,-109.9395765
259.55,-20.55020979,-110.0046463
259.73,-20.20469446,-110.0686316
259.91,-19.85897992,-110.1315316
260.09,-19.51306958,-110.1933458
260.27,-19.16696685,-110.2540735
260.45,-18.82067514,-110.3137141
260.63,-18.47419786,-110.3722671
260.81,-18.12753844,-110.4297319
260.99,-17.78070028,-110.4861079
261.17,-17.43368682,-110.5413945
261.35,-17.08650147,-110.5955912
261.53,-16.73914765,-110.6486975
261.71,-16.39162879,-110.7007129
261.89,-16.04394831,-110.7516368
262.07,-15.69610965,-110.8014687
262.25,-15.34811623,-110.8502082
262.43,-14.99997149,-110.8978548
262.61,-14.65167885,-110.9444079
262.79,-14.30324175,-110.9898671
262.97,-13.95466363,-111.0342321
263.15,-13.60594792,-111.0775023
263.33,-13.25709806,-111.1196773
263.51,-12.90811749,-111.1607567
263.69,-12.55900966,-111.2007401
263.87,-12.20977799,-111.2396272
264.05,-11.86042595,-111.2774174
264.23,-11.51095696,-111.3141105
264.41,-11.16137448,-111.3497061
264.59,-10.81168196,-111.3842038
264.77,-10.46188283,-111.4176034
264.95,-10.11198056,-111.4499044
265.13,-9.761978582,-111.4811065
265.31,-9.411880358,-111.5112095
265.49,-9.061689337,-111.540213
265.67,-8.711408971,-111.5681168
265.85,-8.361042715,-111.5949206
266.03,-8.010594022,-111.6206241
266.21,-7.908353662,-115.2640069
266.39,-7.546386288,-115.2882708
266.57,-7.184344511,-115.3113981
266.75,-6.822231899,-115.3333884
266.93,-6.460052022,-115.3542416
267.11,-6.097808452,-115.3739575
267.29,-5.735504759,-115.3925358
267.47,-5.373144518,-115.4099764
267.65,-5.028530357,-115.8362949
267.83,-4.664780199,-115.8515134
268.01,-4.300984048,-115.8655897
268.19,-3.937145491,-115.8785235
268.37,-3.623593357,-117.5224925
268.55,-3.254555474,-117.5332912
268.73,-2.885485502,-117.5429311
268.91,-2.51638708,-117.551412
269.09,-2.147263847,-117.5587339
269.27,-1.778119444,-117.5648968
269.45,-1.408957509,-117.5699005
269.63,-1.039781682,-117.573745
269.81,-0.672911863,-117.9825433
269.99,-0.302443969,-117.9840746
270.17,0.068026908,-117.9844426
270.35,0.438497113,-117.9836474
270.53,0.808962996,-117.9816889
270.71,1.179420902,-117.9785671
270.89,1.54986718,-117.9742821
271.07,1.920298176,-117.968834
271.25,2.29071024,-117.9622227
271.43,2.661099718,-117.9544483
271.61,3.041934239,-118.3529184
271.79,3.413546796,-118.3427833
271.97,3.904362649,-122.0590948
272.15,4.287608329,-122.0462334
272.33,4.670811735,-122.0321686
272.51,5.141601004,-124.1325794
272.69,5.569444832,-124.9705883
272.87,6.002829173,-125.8118941
273.05,6.417377387,-126.1764001
273.23,6.813538995,-126.1556275
273.41,7.283556504,-127.4269064
273.59,7.709773064,-127.8367164
273.77,8.138706194,-128.2462272
273.95,8.566579886,-128.5986536
274.13,8.970336763,-128.5711206
274.31,9.374005197,-128.54232
274.49,9.806479028,-128.8920723
274.67,10.21115113,-128.8606446
274.85,10.61572255,-128.8279464
275.03,11.1183508,-129.9412006
275.21,11.56048318,-130.2907846
275.39,12.00504846,-130.6402649
275.57,12.41519903,-130.6019251
275.75,12.8252272,-130.5622976
275.93,13.43294777,-132.4722207
276.11,13.84884364,-132.4293882
276.29,14.39076582,-133.5561275
276.47,14.81006043,-133.5102822
276.65,15.22920902,-133.4631205
276.83,15.83670186,-135.0217225
277.01,16.30964077,-135.3784656
277.19,16.78452565,-135.7299268
277.37,17.21063418,-135.6765544
277.55,17.63657301,-135.6218442
277.73,18.06233796,-135.5657969
277.91,18.48792482,-135.5084129
278.09,18.91332939,-135.4496929
278.27,19.33854749,-135.3896374
278.45,19.76357492,-135.328247
278.63,20.24858117,-135.6686956
278.81,20.67448036,-135.6044463
278.99,21.16306701,-135.942848
279.17,21.58982252,-135.8757259
279.35,22.01636517,-135.8072642
279.53,22.50958121,-136.1420291
279.71,22.93695552,-136.070678
279.89,23.43373556,-136.4032992
280.07,23.8619257,-136.329045
280.25,24.2189765,-135.8557121
280.43,24.79339819,-136.5941217
280.61,25.2221808,-136.5155971
280.79,25.72757213,-136.8445299
280.97,26.15713642,-136.7630708
281.15,26.58644281,-136.6802634
281.33,27.01548706,-136.5961083
281.51,27.77445033,-138.1529825
281.69,28.29250746,-138.4781596
281.87,28.72718869,-138.3886386
282.05,29.16158668,-138.2977532
282.23,29.59569715,-138.2055041
282.41,30.93776162,-142.2891009
282.59,31.75910749,-143.8889355
282.77,32.21076143,-143.7885027
282.95,32.6620978,-143.6866522
283.13,33.11311213,-143.5833851
283.31,36.53310675,-156.1719099
283.49,38.31340873,-161.494322
283.67,38.82031119,-161.373222
283.85,39.3268309,-161.2505309
284.03,43.9886757,-177.9363081
284.21,45.98773835,-183.5468912
284.39,47.54535805,-187.2674707
284.57,49.00821706,-190.5191014
284.75,49.60620446,-190.3642766
284.93,50.20370275,-190.2075749
285.11,50.80070606,-190.0489979
285.29,51.3972085,-189.888547
285.47,51.99320418,-189.7262239
285.65,52.58868723,-189.5620302
285.83,53.18365177,-189.3959675
286.01,53.77809195,-189.2280375
286.19,54.3720019,-189.0582417
286.37,54.96537576,-188.8865818
286.55,55.55820768,-188.7130597
286.73,56.15049182,-188.5376769
286.91,56.74222235,-188.3604352
287.09,57.33339341,-188.1813363
287.27,57.9239992,-188.000382
287.45,66.33737419,-212.9288288
287.63,67.00564259,-212.7194801
287.81,67.67325033,-212.508034
287.99,68.34019085,-212.2944927
288.17,69.00645755,-212.0788583
288.35,69.67204389,-211.8611329
288.53,70.33694328,-211.6413186
288.71,71.00114918,-211.4194176
288.89,71.66465504,-211.1954321
289.07,72.32745432,-210.9693643
289.25,80.57507236,-232.6427685
289.43,81.30517223,-232.3886163
289.61,82.03447047,-232.1321728
289.79,82.76295988,-231.8734406
289.97,83.49063328,-231.6124223
290.15,84.2174835,-231.3491203
290.33,84.94350337,-231.0835374
290.51,85.66868573,-230.815676
290.69,86.39302343,-230.5455389
290.87,87.11650934,-230.2731287
291.05,87.8391363,-229.9984481
291.23,92.35736471,-239.5693021
291.41,93.10915578,-239.2781194
291.59,93.86002883,-238.9845776
291.77,94.60997646,-238.6886794
291.95,95.35899127,-238.3904279
292.13,96.75219101,-239.6880199
292.31,97.34147429,-238.9832017
292.49,98.25551401,-239.0756937
292.67,98.84035944,-238.3671888
292.85,99.58834392,-238.0556554
293.03,100.3353465,-237.741775
293.21,99.90386741,-234.6597905
293.39,100.1353202,-233.1692897
293.57,100.6979274,-232.4634611
293.75,101.4273651,-232.1461241
293.93,101.8135392,-231.0497852
294.11,102.3665523,-230.3419682
294.29,102.7436838,-229.2481962
294.47,108.2870068,-239.5981166
294.65,109.0388099,-239.2569148
294.83,109.4534082,-238.1819013
295.01,110.2007585,-237.837044
295.19,111.1172425,-237.8542097
295.37,111.8635557,-237.5041296
295.55,112.608766,-237.1517078
295.73,113.1792211,-236.4341993
295.91,113.9210653,-236.0776515
296.09,114.6617863,-235.7187761
296.27,118.5421785,-241.7631456
296.45,119.3007291,-241.389732
296.63,120.4075494,-241.715443
296.81,122.1030201,-243.2026298
296.99,122.6742996,-242.4390292
297.17,123.4349521,-242.0526374
297.35,124.3734199,-242.0122292
297.53,125.5230914,-242.3742702
297.71,126.8419411,-243.0489429
297.89,128.1818264,-243.7473133
298.07,129.511761,-244.4102502
298.25,130.2785695,-244.0023791
298.43,131.0440935,-243.5921022
298.61,133.7680478,-246.7950082
298.79,135.5642772,-248.2451613
298.97,137.5421389,-249.9976534
299.15,138.3264522,-249.5645393
299.33,140.0558846,-250.8240071
299.51,144.4024191,-256.7111373
299.69,146.4389497,-258.4291663
299.87,149.3240274,-261.6021181
300.05,150.1447205,-261.1319518
300.23,151.5343777,-261.6441585
300.41,152.1636979,-260.8387926
300.59,156.278468,-265.9699992
300.77,157.7518501,-266.5577244
300.95,158.5880623,-266.0610703
301.13,159.6145236,-265.8813091
301.31,160.9050924,-266.1338346
301.49,161.9335491,-265.9452181
301.67,162.9985021,-265.8116281
301.85,163.8323457,-265.2985033
302.03,164.664574,-264.7827627
302.21,165.5255318,-264.3128796
302.39,165.6579154,-262.6869907
302.57,166.1677666,-261.6707983
302.75,166.9885924,-261.1477424
302.93,166.1800153,-258.0940446
303.11,169.7581398,-261.8412508
303.29,171.6635602,-262.9675939
303.47,172.8913995,-263.0403593
303.65,175.0613019,-264.5282731
303.83,175.8910563,-263.9772774
304.01,176.7190764,-263.4236791
304.19,180.5365432,-267.296134
304.37,181.1665166,-266.4213954
304.55,182.9465522,-267.2306601
304.73,184.9158903,-268.2960681
304.91,186.4509804,-268.7136616
305.09,188.2380851,-269.4786757
305.27,189.3231978,-269.227401
305.45,190.1676371,-268.6315999
305.63,191.4739687,-268.683927
305.81,192.5500549,-268.4066747
305.99,192.689672,-266.8283287
306.17,193.9964386,-266.868348
306.35,194.8334475,-266.2578846
306.53,195.6685354,-265.6447959
306.71,195.7882487,-264.0668381
306.89,196.616452,-263.4507622
307.07,197.2035283,-262.5136855
307.25,198.0268477,-261.8931733
307.43,196.6922286,-258.4372919
307.61,196.3117075,-256.2636276
307.79,196.8772444,-255.3370661
307.97,197.4392454,-254.4099272
308.15,198.2371179,-253.7887148
308.33,198.3129959,-252.2491275
308.51,199.1040793,-251.6251821
308.69,199.411124,-250.393431
308.87,200.4381828,-250.0677273
309.05,201.222406,-249.4371196
309.23,202.0046453,-248.8040526
309.41,204.2602934,-249.9741304
309.59,205.0442039,-249.3315218
309.77,205.8260928,-248.6864549
309.95,206.6059523,-248.0389361
310.13,207.3837747,-247.3889717
310.31,208.1595525,-246.7365681
310.49,208.9332778,-246.0817318
310.67,209.7049432,-245.4244693
310.85,210.474541,-244.764787
311.03,211.2420635,-244.1026913
311.21,212.0075034,-243.438189
311.39,212.7708529,-242.7712864
311.57,213.5321045,-242.1019902
311.75,214.2912509,-241.430307
311.93,206.1473544,-230.7912512
312.11,206.8710214,-230.1428118
312.29,207.5926488,-229.4921033
312.47,208.3122295,-228.8391321
312.65,209.0297562,-228.1839047
312.83,209.745222,-227.5264274
313.01,210.4586198,-226.8667068
313.19,211.1699426,-226.2047494
313.37,211.8791833,-225.5405618
313.55,212.586335,-224.8741504
313.73,213.2913907,-224.2055218
313.91,213.9943434,-223.5346826
314.09,214.6951862,-222.8616395
314.27,215.3939122,-222.1863991
314.45,216.0905145,-221.508968
314.63,216.7849862,-220.8293529
314.81,217.4773205,-220.1475605
314.99,218.1675106,-219.4635975
315.17,218.8555497,-218.7774708
315.35,219.5414309,-218.0891869
315.53,220.2251475,-217.3987529
315.71,220.9066928,-216.7061753
315.89,213.0209171,-207.6617976
316.07,213.671924,-206.9918893
316.25,220.2136618,-211.9927903
316.43,220.8782325,-211.3002755
316.61,221.5406254,-210.6056773
316.79,222.2008339,-209.9090027
316.97,222.8588517,-209.2102584
317.15,222.2447967,-207.3248265
317.33,222.8947,-206.6259569
317.51,222.5881342,-205.0459847
317.69,222.5946501,-203.7636418
317.87,223.2333696,-203.0636913
318.05,222.5945092,-201.2088909
318.23,223.2252068,-200.5089534
318.41,222.8956546,-198.951905
318.59,223.5192637,-198.251033
318.77,222.2241329,-195.8590516
318.95,221.5645807,-194.0450203
319.13,221.5366914,-192.7947813
319.31,220.870145,-190.9992471
319.49,219.5697159,-188.6729265
319.67,218.9000162,-186.905813
319.85,218.2282806,-185.1506168
320.03,217.5547156,-183.4074128
320.21,216.8795309,-181.6762755
320.39,216.2029393,-179.9572793
320.57,216.7669384,-179.277516
320.75,214.5382568,-176.3027785
320.93,184.268447,-150.4608679
321.11,182.9714959,-148.4467301
321.29,181.6742305,-146.4506992
321.47,179.7432893,-143.9653313
321.65,178.7936716,-142.2854748
321.83,177.7295967,-140.529441
322.01,176.0963546,-138.3416324
322.19,174.8113047,-136.4465992
322.37,173.8699215,-134.8353949
322.55,172.5890093,-132.9763157
322.73,171.9595912,-131.6329455
322.91,171.3601699,-130.3227743
323.09,169.7554831,-128.2630472
323.27,171.0951493,-128.4333155
323.45,170.5073789,-127.1569912
323.63,171.2310061,-126.8619034
323.81,170.6449877,-125.599714
323.99,170.3845422,-124.5850758
324.17,171.7781486,-124.7782072
324.35,171.5185749,-123.7687836
324.53,172.9235558,-123.9587722
324.71,173.3119332,-123.415182
324.89,173.3740647,-122.6408049
325.07,176.4940785,-124.0181718
325.25,176.2402856,-123.0150197
325.43,177.9955988,-123.410832
325.61,178.3822307,-122.8513184
325.79,179.4719522,-122.7727645
325.97,180.5652208,-122.6901288
326.15,181.6619996,-122.6033628
326.33,183.0809776,-122.7260729
326.51,183.4654343,-122.1505945
326.69,185.927838,-122.9491998
326.87,186.3129812,-122.3647813
327.05,188.8308969,-123.1715296
327.23,190.2198045,-123.2278079
327.41,190.6058014,-122.6299112
327.59,193.9317664,-123.9104649
327.77,195.5925163,-124.1084239
327.95,195.9812519,-123.4936526
328.13,201.0947856,-125.8354237
328.31,201.4889168,-125.2033668
328.49,204.1428582,-125.96571
328.67,207.2469958,-126.9843143
328.85,207.9613854,-126.5256055
329.03,209.7500963,-126.7131818
329.21,210.146941,-126.0539429
329.39,213.2784964,-127.0234216
329.57,213.9979549,-126.5433073
329.75,215.0407602,-126.2502995
329.93,216.0864931,-125.9535397
330.11,216.4809213,-125.2744083
330.29,216.8732151,-124.5940418
330.47,217.2633706,-123.9124468
330.65,217.651384,-123.22963
330.83,218.0372514,-122.5455983
331.01,217.6584882,-121.4349587
331.19,218.4203767,-120.9622767
331.37,218.7991208,-120.2758415
331.55,218.4102598,-119.1705713
331.73,218.0186547,-118.0700337
331.91,218.0060793,-117.1794182
332.09,217.6087373,-116.0866233
332.27,216.8278848,-114.7969295
332.45,216.425815,-113.715434
332.63,216.0212587,-112.6387255
332.81,215.2352902,-111.3707166
332.99,215.5839326,-110.6943299
333.17,215.9304494,-110.0168517
333.35,212.1234288,-107.2395339
333.53,210.9646769,-105.8233045
333.71,210.1796848,-104.6048124
333.89,210.5071072,-103.9443336
334.07,210.8324541,-103.2828299
334.25,211.1557223,-102.6203079
334.43,211.4769086,-101.9567742
334.61,211.7960098,-101.2922351
334.79,212.1130228,-100.6266974
334.97,212.4279444,-99.96016753
335.15,212.7407716,-99.2926521
335.33,207.1139815,-95.87560685
335.51,207.4140094,-95.22479736
335.69,207.7119923,-94.57304901
335.87,208.0079272,-93.9203682
336.05,208.3018112,-93.26676137
336.23,208.5936415,-92.61223497
336.41,208.8834151,-91.95679545
336.59,209.1711292,-91.30044928
336.77,209.456781,-90.64320292
336.95,209.7403676,-89.98506286
337.13,210.0218862,-89.32603558
337.31,210.3013342,-88.66612758
337.49,210.5787086,-88.00534537
337.67,210.8540068,-87.34369546
337.85,211.1272261,-86.68118438
338.03,211.3983638,-86.01781866
338.21,211.6674171,-85.35360484
338.39,211.9343835,-84.68854947
338.57,212.1992603,-84.0226591
338.75,212.462045,-83.3559403
338.93,212.7227348,-82.68839965
339.11,212.9813273,-82.02004372
339.29,213.2378198,-81.35087911
339.47,213.4922099,-80.68091241
339.65,213.7444951,-80.01015024
339.83,213.9946729,-79.33859919
340.01,214.2427407,-78.6662659
340.19,214.4886962,-77.99315699
340.37,214.7325369,-77.3192791
340.55,214.9742605,-76.64463887
340.73,215.2138645,-75.96924296
340.91,215.4513465,-75.29309803
341.09,215.6867043,-74.61621073
341.27,215.9199356,-73.93858775
341.45,216.1510379,-73.26023576
341.63,216.3800091,-72.58116146
341.81,216.6068469,-71.90137154
341.99,216.831549,-71.2208727
342.17,221.8189115,-72.0881671
342.35,202.2681014,-65.03292888
342.53,203.7968426,-64.81908373
342.71,203.9993695,-64.17884315
342.89,208.8761393,-64.99301322
343.07,209.0791873,-64.33682282
343.25,209.2801739,-63.67999808
343.43,210.786088,-63.41575847
343.61,210.9841741,-62.75357861
343.79,211.1801799,-62.09078003
343.97,211.8120827,-61.55465026
344.15,212.0043198,-60.88925796
344.33,211.7556967,-60.09873732
344.51,211.9433626,-59.43352925
344.69,229.4911872,-63.57773439
344.87,229.6896897,-62.85681982
345.05,229.8859274,-62.13528551
345.23,230.0798986,-61.41313857
345.41,237.6499927,-62.63503506
345.59,237.8454949,-61.88850653
345.77,240.0238598,-61.65127795
345.95,240.2162612,-60.89730034
346.13,240.7993927,-60.24106422
346.31,243.7956003,-60.17783615
346.49,243.9833565,-59.41202256
346.67,245.3834763,-58.93739234
346.85,246.3808555,-58.35929568
347.03,246.9503867,-57.67587448
347.21,248.3549911,-57.18215113
347.39,248.920135,-56.48981982
347.57,249.9156709,-55.89118086
347.75,250.5008123,-55.19670593
347.93,251.4704085,-54.58296709
348.11,251.6405591,-53.79308223
348.29,252.5828068,-53.16570659
348.47,252.7485017,-52.37233578
348.65,252.9117046,-51.57844861
348.83,254.2415441,-51.01866232
349.01,254.4004891,-50.22009367
349.19,254.9320648,-49.49386136
349.37,255.0862186,-48.69313199
349.55,256.0263728,-48.03987679
349.73,256.5714186,-47.30863703
349.91,256.7187027,-46.50277088
350.09,256.8458444,-45.69331318
350.27,256.5830709,-44.8158571
350.45,256.7225276,-44.00996665
350.63,256.8544049,-43.20279319
350.81,256.5863076,-42.32965936
350.99,257.5315457,-41.65536772
351.17,257.6686454,-40.84771498
351.35,257.3969912,-39.97652143
351.53,257.9301916,-39.230298
351.71,258.052103,-38.42020513
351.89,257.7735408,-37.55176418
352.07,258.3009401,-36.80069301
352.25,257.621881,-35.87895967
352.43,256.9243985,-34.95978791
352.61,256.2415894,-34.0477293
352.79,255.9524177,-33.19176438
352.97,256.0553778,-32.38791148
353.15,253.4089189,-31.24505008
353.33,251.5285007,-30.21169767
353.51,249.2652557,-29.14616575
353.69,246.2467379,-28.00971432
353.87,246.3334743,-27.23636275
354.05,239.4715986,-25.71679379
354.23,236.6037571,-24.65756413
354.41,233.4267417,-23.58579229
354.59,230.2108337,-22.53083928
354.77,229.3719585,-21.72183244
354.95,229.4390341,-21.00149859
355.13,222.627405,-19.67329534
355.31,221.6894301,-18.88905931
355.49,221.0866872,-18.13863519
355.67,221.1425525,-17.44433471
355.85,219.8857807,-16.65062923
356.03,219.6118414,-15.93651271
356.21,219.0134734,-15.20192263
356.39,219.0601277,-14.51414651
356.57,219.1046221,-13.82622728
356.75,219.1469563,-13.13817174
356.93,218.2231843,-12.39523387
357.11,218.2610295,-11.70995309
357.29,217.977402,-11.00843032
357.47,218.0108939,-10.32392814
357.65,218.0422362,-9.639324161
357.83,218.0714287,-8.954625145
358.01,217.7800328,-8.257763323
358.19,217.8048885,-7.573894434
358.37,217.8275968,-6.88995087
358.55,217.8481573,-6.205939374
358.73,217.86657,-5.521866691
358.91,217.8828346,-4.837739563
359.09,217.8969509,-4.153564738
359.27,217.9089189,-3.46934896
359.45,217.9187384,-2.785098976
359.63,217.9264093,-2.100821531
359.81,217.9319316,-1.416523374
359.99,222.7373789,-0.748345086
